0,0,0.0,0.0,2,0.9926500000000384
1,0,0.0,0.0,2,0.9853000000000769
2,0,0.0,0.0,2,0.9779500000001153
3,0,0.0,0.0,2,0.9706000000001538
4,0,0.0,0.0,2,0.9632500000001922
5,1,1.0,1.0,0,0.9936251000000333
6,0,0.0,0.0,0,0.9862751000000718
7,1,1.0,1.0,0,0.9789251000001102
8,0,0.0,0.0,0,0.9715751000001487
9,1,1.0,1.0,0,0.9642251000001871
10,1,1.0,1.0,0,0.9568751000002256
11,0,0.0,0.0,0,0.949525100000264
12,0,0.0,0.0,0,0.9421751000003025
13,0,0.0,0.0,0,0.9348251000003409
14,1,1.0,1.0,0,0.9274751000003794
15,0,0.0,0.0,0,0.9201251000004178
16,0,0.0,0.0,0,0.9127751000004563
17,0,0.0,0.0,0,0.9054251000004947
18,0,0.0,0.0,0,0.8980751000005331
19,1,1.0,1.0,0,0.8907251000005716
20,0,0.0,0.0,0,0.88337510000061
21,1,1.0,1.0,0,0.8760251000006485
22,0,0.0,0.0,0,0.8686751000006869
23,1,1.0,1.0,0,0.8613251000007254
24,0,0.0,0.0,0,0.8539751000007638
25,0,0.0,0.0,0,0.8466251000008023
26,0,0.0,0.0,0,0.8392751000008407
27,1,1.0,1.0,0,0.8319251000008792
28,0,0.0,0.0,0,0.8245751000009176
29,0,0.0,0.0,0,0.817225100000956
30,1,1.0,1.0,0,0.8098751000009945
31,0,0.0,0.0,0,0.8025251000010329
32,0,0.0,0.0,0,0.7951751000010714
33,0,0.0,0.0,0,0.7878251000011098
34,0,0.0,0.0,0,0.7804751000011483
35,0,0.0,0.0,0,0.7731251000011867
36,0,0.0,0.0,0,0.7657751000012252
37,0,0.0,0.0,0,0.7584251000012636
38,1,1.0,1.0,0,0.7510751000013021
39,0,0.0,0.0,0,0.7437251000013405
40,0,0.0,0.0,0,0.736375100001379
41,0,0.0,0.0,0,0.7290251000014174
42,0,0.0,0.0,0,0.7216751000014558
43,0,0.0,0.0,0,0.7143251000014943
44,0,0.0,0.0,0,0.7069751000015327
45,0,0.0,0.0,0,0.6996251000015712
46,0,0.0,0.0,0,0.6922751000016096
47,0,0.0,0.0,0,0.6849251000016481
48,0,0.0,0.0,0,0.6775751000016865
49,0,0.0,0.0,0,0.670225100001725
50,0,0.0,0.0,0,0.6628751000017634
51,0,0.0,0.0,0,0.6555251000018019
52,0,0.0,0.0,0,0.6481751000018403
53,0,0.0,0.0,0,0.6408251000018788
54,0,0.0,0.0,0,0.6334751000019172
55,0,0.0,0.0,0,0.6261251000019556
56,0,0.0,0.0,0,0.6187751000019941
57,0,0.0,0.0,0,0.6114251000020325
58,0,0.0,0.0,0,0.604075100002071
59,0,0.0,0.0,0,0.5967251000021094
60,0,0.0,0.0,0,0.5893751000021479
61,1,1.0,1.0,0,0.5820251000021863
62,0,0.0,0.0,0,0.5746751000022248
63,0,0.0,0.0,0,0.5673251000022632
64,0,0.0,0.0,0,0.5599751000023017
65,1,1.0,1.0,0,0.5526251000023401
66,1,1.0,1.0,0,0.5452751000023786
67,0,0.0,0.0,0,0.537925100002417
68,0,0.0,0.0,0,0.5305751000024554
69,1,1.0,1.0,0,0.5232251000024939
70,0,0.0,0.0,0,0.5158751000025323
71,0,0.0,0.0,0,0.5085251000025708
72,0,0.0,0.0,0,0.5011751000026092
73,1,1.0,1.0,0,0.4938251000026477
74,0,0.0,0.0,0,0.4864751000026861
75,0,0.0,0.0,0,0.47912510000272457
76,1,1.0,1.0,0,0.471775100002763
77,0,0.0,0.0,0,0.46442510000280146
78,1,1.0,1.0,0,0.4570751000028399
79,0,0.0,0.0,0,0.44972510000287835
80,1,1.0,1.0,0,0.4423751000029168
81,1,1.0,1.0,0,0.43502510000295525
82,0,0.0,0.0,0,0.4276751000029937
83,1,1.0,1.0,0,0.42032510000303214
84,0,0.0,0.0,0,0.4129751000030706
85,1,1.0,1.0,0,0.40562510000310903
86,1,1.0,1.0,0,0.3982751000031475
87,1,1.0,1.0,0,0.3909251000031859
88,1,1.0,1.0,0,0.38357510000322437
89,1,1.0,1.0,0,0.3762251000032628
90,1,1.0,1.0,0,0.36887510000330126
91,0,0.0,0.0,0,0.3615251000033397
92,0,0.0,0.0,0,0.35417510000337815
93,0,0.0,0.0,0,0.3468251000034166
94,1,1.0,1.0,0,0.33947510000345504
95,0,0.0,0.0,0,0.3321251000034935
96,0,0.0,0.0,0,0.32477510000353194
97,1,1.0,1.0,0,0.3174251000035704
98,0,0.0,0.0,0,0.31007510000360883
99,0,0.0,0.0,0,0.3027251000036473
100,0,0.0,0.0,0,0.2953751000036857
101,0,0.0,0.0,0,0.28802510000372417
102,0,0.0,0.0,0,0.2806751000037626
103,0,0.0,0.0,0,0.27332510000380106
104,1,1.0,1.0,0,0.2659751000038395
105,0,0.0,0.0,0,0.25862510000387795
106,0,0.0,0.0,0,0.2512751000039164
107,1,1.0,1.0,0,0.24392510000392043
108,0,0.0,0.0,0,0.23657510000391724
109,0,0.0,0.0,0,0.22922510000391405
110,0,0.0,0.0,0,0.22187510000391086
111,0,0.0,0.0,0,0.21452510000390768
112,1,1.0,1.0,0,0.2071751000039045
113,0,0.0,0.0,0,0.1998251000039013
114,0,0.0,0.0,0,0.19247510000389811
115,0,0.0,0.0,0,0.18512510000389493
116,0,0.0,0.0,0,0.17777510000389174
117,0,0.0,0.0,0,0.17042510000388855
118,0,0.0,0.0,0,0.16307510000388536
119,0,0.0,0.0,0,0.15572510000388218
120,1,1.0,1.0,0,0.148375100003879
121,0,0.0,0.0,0,0.1410251000038758
122,0,0.0,0.0,0,0.13367510000387262
123,0,0.0,0.0,0,0.12632510000386943
124,1,1.0,1.0,0,0.11897510000386624
125,0,0.0,0.0,0,0.11162510000386305
126,0,0.0,0.0,0,0.10427510000385987
127,1,1.0,1.0,0,0.09692510000385668
128,0,0.0,0.0,0,0.08957510000385349
129,0,0.0,0.0,0,0.0822251000038503
130,0,0.0,0.0,0,0.07487510000384712
131,0,0.0,0.0,0,0.06752510000384393
132,0,0.0,0.0,0,0.06017510000384074
133,1,1.0,1.0,0,0.052825100003837555
134,0,0.0,0.0,0,0.04547510000383437
135,1,1.0,1.0,0,0.03812510000383118
136,1,1.0,1.0,0,0.03077510000382833
137,0,0.0,0.0,0,0.023425100003830347
138,0,0.0,0.0,0,0.016075100003832363
139,0,0.0,0.0,0,0.008725100003831936
140,0,0.0,0.0,0,0.001375100003831575
141,0,0.0,0.0,0,-0.0059748999961685536
142,0,0.0,0.0,0,-0.013324899996169138
143,0,0.0,0.0,0,-0.020674899996167936
144,0,0.0,0.0,0,-0.02802489999616592
145,0,0.0,0.0,0,-0.035374899996166824
146,0,0.0,0.0,0,-0.04272489999617001
147,0,0.0,0.0,0,-0.0500748999961732
148,0,0.0,0.0,0,-0.057424899996176386
149,0,0.0,0.0,0,-0.06477489999617957
150,0,0.0,0.0,0,-0.07212489999618275
151,0,0.0,0.0,0,-0.07947489999618594
152,0,0.0,0.0,0,-0.08682489999618913
153,1,1.0,1.0,0,-0.09417489999619232
154,0,0.0,0.0,0,-0.1015248999961955
155,0,0.0,0.0,0,-0.10887489999619869
156,0,0.0,0.0,0,-0.11622489999620188
157,0,0.0,0.0,0,-0.12357489999620506
158,0,0.0,0.0,0,-0.13092489999620824
159,0,0.0,0.0,0,-0.13827489999621143
160,0,0.0,0.0,0,-0.1456248999962146
161,0,0.0,0.0,0,-0.1529748999962178
162,0,0.0,0.0,0,-0.160324899996221
163,1,1.0,1.0,0,-0.16767489999622417
164,0,0.0,0.0,0,-0.17502489999622736
165,0,0.0,0.0,0,-0.18237489999623055
166,0,0.0,0.0,0,-0.18972489999623374
167,0,0.0,0.0,0,-0.19707489999623692
168,0,0.0,0.0,0,-0.2044248999962401
169,0,0.0,0.0,0,-0.2117748999962433
170,0,0.0,0.0,0,-0.21912489999624649
171,0,0.0,0.0,0,-0.22647489999624967
172,1,1.0,1.0,0,-0.23382489999625286
173,0,0.0,0.0,0,-0.24117489999625605
174,0,0.0,0.0,0,-0.24852489999625924
175,0,0.0,0.0,0,-0.25587489999622914
176,0,0.0,0.0,0,-0.2632248999961907
177,1,1.0,1.0,0,-0.27057489999615225
178,1,1.0,1.0,0,-0.2779248999961138
179,0,0.0,0.0,0,-0.28527489999607536
180,0,0.0,0.0,0,-0.2926248999960369
181,0,0.0,0.0,0,-0.29997489999599847
182,0,0.0,0.0,0,-0.30732489999596
183,0,0.0,0.0,0,-0.3146748999959216
184,0,0.0,0.0,0,-0.32202489999588313
185,0,0.0,0.0,0,-0.3293748999958447
186,0,0.0,0.0,0,-0.33672489999580624
187,0,0.0,0.0,0,-0.3440748999957678
188,0,0.0,0.0,0,-0.35142489999572935
189,0,0.0,0.0,0,-0.3587748999956909
190,0,0.0,0.0,0,-0.36612489999565245
191,0,0.0,0.0,0,-0.373474899995614
192,0,0.0,0.0,0,-0.38082489999557556
193,0,0.0,0.0,0,-0.3881748999955371
194,0,0.0,0.0,0,-0.39552489999549867
195,0,0.0,0.0,0,-0.4028748999954602
196,0,0.0,0.0,0,-0.4102248999954218
197,0,0.0,0.0,0,-0.41757489999538333
198,0,0.0,0.0,0,-0.4249248999953449
199,0,0.0,0.0,0,-0.43227489999530644
200,0,0.0,0.0,0,-0.439624899995268
201,0,0.0,0.0,0,-0.44697489999522955
202,0,0.0,0.0,0,-0.4543248999951911
203,0,0.0,0.0,0,-0.46167489999515265
204,0,0.0,0.0,0,-0.4690248999951142
205,0,0.0,0.0,0,-0.47637489999507576
206,0,0.0,0.0,0,-0.4837248999950373
207,0,0.0,0.0,0,-0.49107489999499887
208,0,0.0,0.0,0,-0.4984248999949604
209,0,0.0,0.0,0,-0.505774899994922
210,0,0.0,0.0,0,-0.5131248999948835
211,0,0.0,0.0,0,-0.5204748999948451
212,0,0.0,0.0,0,-0.5278248999948066
213,0,0.0,0.0,0,-0.5351748999947682
214,0,0.0,0.0,0,-0.5425248999947297
215,0,0.0,0.0,0,-0.5498748999946913
216,0,0.0,0.0,0,-0.5572248999946529
217,0,0.0,0.0,0,-0.5645748999946144
218,0,0.0,0.0,0,-0.571924899994576
219,0,0.0,0.0,0,-0.5792748999945375
220,0,0.0,0.0,0,-0.5866248999944991
221,0,0.0,0.0,0,-0.5939748999944606
222,0,0.0,0.0,0,-0.6013248999944222
223,0,0.0,0.0,0,-0.6086748999943837
224,0,0.0,0.0,0,-0.6160248999943453
225,0,0.0,0.0,0,-0.6233748999943068
226,0,0.0,0.0,0,-0.6307248999942684
227,0,0.0,0.0,0,-0.63807489999423
228,0,0.0,0.0,0,-0.6454248999941915
229,0,0.0,0.0,0,-0.6527748999941531
230,0,0.0,0.0,0,-0.6601248999941146
231,0,0.0,0.0,0,-0.6674748999940762
232,1,1.0,1.0,0,-0.6748248999940377
233,0,0.0,0.0,0,-0.6821748999939993
234,0,0.0,0.0,0,-0.6895248999939608
235,0,0.0,0.0,0,-0.6968748999939224
236,0,0.0,0.0,0,-0.7042248999938839
237,0,0.0,0.0,0,-0.7115748999938455
238,1,1.0,1.0,0,-0.718924899993807
239,0,0.0,0.0,0,-0.7262748999937686
240,0,0.0,0.0,0,-0.7336248999937302
241,0,0.0,0.0,0,-0.7409748999936917
242,0,0.0,0.0,0,-0.7483248999936533
243,1,1.0,1.0,0,-0.7556748999936148
244,0,0.0,0.0,0,-0.7630248999935764
245,0,0.0,0.0,0,-0.7703748999935379
246,0,0.0,0.0,0,-0.7777248999934995
247,0,0.0,0.0,0,-0.785074899993461
248,0,0.0,0.0,0,-0.7924248999934226
249,0,0.0,0.0,0,-0.7997748999933841
250,0,0.0,0.0,0,-0.8071248999933457
251,0,0.0,0.0,0,-0.8144748999933072
252,0,0.0,0.0,0,-0.8218248999932688
253,0,0.0,0.0,0,-0.8291748999932304
254,0,0.0,0.0,0,-0.8365248999931919
255,0,0.0,0.0,0,-0.8438748999931535
256,0,0.0,0.0,0,-0.851224899993115
257,0,0.0,0.0,0,-0.8585748999930766
258,0,0.0,0.0,0,-0.8659248999930381
259,1,1.0,1.0,0,-0.8732748999929997
260,0,0.0,0.0,0,-0.8806248999929612
261,0,0.0,0.0,0,-0.8879748999929228
262,0,0.0,0.0,0,-0.8953248999928843
263,1,1.0,1.0,0,-0.9026748999928459
264,0,0.0,0.0,0,-0.9100248999928074
265,0,0.0,0.0,0,-0.917374899992769
266,0,0.0,0.0,0,-0.9247248999927306
267,1,1.0,1.0,0,-0.9320748999926921
268,0,0.0,0.0,0,-0.9394248999926537
269,0,0.0,0.0,0,-0.9467748999926152
270,0,0.0,0.0,0,-0.9541248999925768
271,0,0.0,0.0,0,-0.9614748999925383
272,0,0.0,0.0,0,-0.9688248999924999
273,0,0.0,0.0,0,-0.9761748999924614
274,0,0.0,0.0,0,-0.983524899992423
275,0,0.0,0.0,0,-0.9908748999923845
276,0,0.0,0.0,0,-0.9982248999923461
277,0,0.0,0.0,0,-1.0055748999923078
278,0,0.0,0.0,0,-1.0129248999922693
279,0,0.0,0.0,0,-1.0202748999922309
280,0,0.0,0.0,0,-1.0276248999921924
281,0,0.0,0.0,0,-1.034974899992154
282,0,0.0,0.0,0,-1.0423248999921155
283,0,0.0,0.0,0,-1.049674899992077
284,0,0.0,0.0,0,-1.0570248999920386
285,0,0.0,0.0,0,-1.0643748999920002
286,0,0.0,0.0,0,-1.0717248999919617
287,0,0.0,0.0,0,-1.0790748999919233
288,0,0.0,0.0,0,-1.0864248999918849
289,0,0.0,0.0,0,-1.0937748999918464
290,0,0.0,0.0,0,-1.101124899991808
291,0,0.0,0.0,0,-1.1084748999917695
292,0,0.0,0.0,0,-1.115824899991731
293,0,0.0,0.0,0,-1.1231748999916926
294,0,0.0,0.0,0,-1.1305248999916542
295,0,0.0,0.0,0,-1.1378748999916157
296,0,0.0,0.0,0,-1.1452248999915773
297,0,0.0,0.0,0,-1.1525748999915388
298,1,1.0,1.0,0,-1.1599248999915004
299,0,0.0,0.0,0,-1.167274899991462
300,0,0.0,0.0,0,-1.1746248999914235
301,0,0.0,0.0,0,-1.181974899991385
302,1,1.0,1.0,0,-1.1893248999913466
303,0,0.0,0.0,0,-1.1966748999913082
304,0,0.0,0.0,0,-1.2040248999912697
305,0,0.0,0.0,0,-1.2113748999912313
306,0,0.0,0.0,0,-1.2187248999911928
307,1,1.0,1.0,0,-1.2260748999911544
308,0,0.0,0.0,0,-1.233424899991116
309,0,0.0,0.0,0,-1.2407748999910775
310,1,1.0,1.0,0,-1.248124899991039
311,0,0.0,0.0,0,-1.2554748999910006
312,0,0.0,0.0,0,-1.2628248999909621
313,0,0.0,0.0,0,-1.2701748999909237
314,0,0.0,0.0,0,-1.2775248999908853
315,0,0.0,0.0,0,-1.2848748999908468
316,1,1.0,1.0,0,-1.2922248999908084
317,0,0.0,0.0,0,-1.29957489999077
318,0,0.0,0.0,0,-1.3069248999907315
319,0,0.0,0.0,0,-1.314274899990693
320,0,0.0,0.0,0,-1.3216248999906546
321,0,0.0,0.0,0,-1.3289748999906161
322,0,0.0,0.0,0,-1.3363248999905777
323,0,0.0,0.0,0,-1.3436748999905392
324,0,0.0,0.0,0,-1.3510248999905008
325,0,0.0,0.0,0,-1.3583748999904623
326,0,0.0,0.0,0,-1.365724899990424
327,0,0.0,0.0,0,-1.3730748999903855
328,0,0.0,0.0,0,-1.380424899990347
329,0,0.0,0.0,0,-1.3877748999903086
330,0,0.0,0.0,0,-1.3951248999902701
331,0,0.0,0.0,0,-1.4024748999902317
332,0,0.0,0.0,0,-1.4098248999901932
333,0,0.0,0.0,0,-1.4171748999901548
334,0,0.0,0.0,0,-1.4245248999901163
335,0,0.0,0.0,0,-1.4318748999900779
336,0,0.0,0.0,0,-1.4392248999900394
337,0,0.0,0.0,0,-1.446574899990001
338,0,0.0,0.0,0,-1.4539248999899625
339,0,0.0,0.0,0,-1.461274899989924
340,0,0.0,0.0,0,-1.4686248999898857
341,0,0.0,0.0,0,-1.4759748999898472
342,0,0.0,0.0,0,-1.4833248999898088
343,1,1.0,1.0,0,-1.4906748999897703
344,0,0.0,0.0,0,-1.4980248999897319
345,0,0.0,0.0,0,-1.5053748999896934
346,0,0.0,0.0,0,-1.512724899989655
347,0,0.0,0.0,0,-1.5200748999896165
348,1,1.0,1.0,0,-1.527424899989578
349,0,0.0,0.0,0,-1.5347748999895396
350,0,0.0,0.0,0,-1.5421248999895012
351,0,0.0,0.0,0,-1.5494748999894628
352,0,0.0,0.0,0,-1.5568248999894243
353,0,0.0,0.0,0,-1.5641748999893859
354,0,0.0,0.0,0,-1.5715248999893474
355,0,0.0,0.0,0,-1.578874899989309
356,0,0.0,0.0,0,-1.5862248999892705
357,0,0.0,0.0,0,-1.593574899989232
358,0,0.0,0.0,0,-1.6009248999891936
359,0,0.0,0.0,0,-1.6082748999891552
360,0,0.0,0.0,0,-1.6156248999891167
361,0,0.0,0.0,0,-1.6229748999890783
362,0,0.0,0.0,0,-1.6303248999890398
363,0,0.0,0.0,0,-1.6376748999890014
364,0,0.0,0.0,0,-1.645024899988963
365,0,0.0,0.0,0,-1.6523748999889245
366,0,0.0,0.0,0,-1.659724899988886
367,0,0.0,0.0,0,-1.6670748999888476
368,0,0.0,0.0,0,-1.6744248999888092
369,0,0.0,0.0,0,-1.6817748999887707
370,0,0.0,0.0,0,-1.6891248999887323
371,0,0.0,0.0,0,-1.6964748999886938
372,0,0.0,0.0,0,-1.7038248999886554
373,0,0.0,0.0,0,-1.711174899988617
374,0,0.0,0.0,0,-1.7185248999885785
375,0,0.0,0.0,0,-1.72587489998854
376,0,0.0,0.0,0,-1.7332248999885016
377,0,0.0,0.0,0,-1.7405748999884632
378,0,0.0,0.0,0,-1.7479248999884247
379,1,1.0,1.0,0,-1.7552748999883863
380,0,0.0,0.0,0,-1.7626248999883478
381,1,1.0,1.0,0,-1.7699748999883094
382,0,0.0,0.0,0,-1.777324899988271
383,0,0.0,0.0,0,-1.7846748999882325
384,0,0.0,0.0,0,-1.792024899988194
385,0,0.0,0.0,0,-1.7993748999881556
386,0,0.0,0.0,0,-1.8067248999881171
387,1,1.0,1.0,0,-1.8140748999880787
388,0,0.0,0.0,0,-1.8214248999880402
389,0,0.0,0.0,0,-1.8287748999880018
390,0,0.0,0.0,0,-1.8361248999879634
391,0,0.0,0.0,0,-1.843474899987925
392,0,0.0,0.0,0,-1.8508248999878865
393,0,0.0,0.0,0,-1.858174899987848
394,0,0.0,0.0,0,-1.8655248999878096
395,0,0.0,0.0,0,-1.8728748999877711
396,0,0.0,0.0,0,-1.8802248999877327
397,0,0.0,0.0,0,-1.8875748999876942
398,0,0.0,0.0,0,-1.8949248999876558
399,0,0.0,0.0,0,-1.9022748999876173
400,0,0.0,0.0,0,-1.909624899987579
401,0,0.0,0.0,0,-1.9169748999875404
402,1,1.0,1.0,0,-1.924324899987502
403,0,0.0,0.0,0,-1.9316748999874636
404,0,0.0,0.0,0,-1.939024899987425
405,0,0.0,0.0,0,-1.9463748999873867
406,0,0.0,0.0,0,-1.9537248999873482
407,0,0.0,0.0,0,-1.9610748999873098
408,0,0.0,0.0,0,-1.9684248999872713
409,0,0.0,0.0,0,-1.9757748999872329
410,0,0.0,0.0,0,-1.9831248999871944
411,0,0.0,0.0,0,-1.990474899987156
412,0,0.0,0.0,0,-1.9978248999871175
413,0,0.0,0.0,0,-2.0051748999870793
414,0,0.0,0.0,0,-2.012524899987041
415,0,0.0,0.0,0,-2.0198748999870024
416,0,0.0,0.0,0,-2.027224899986964
417,0,0.0,0.0,0,-2.0345748999869255
418,1,1.0,1.0,0,-2.041924899986887
419,0,0.0,0.0,0,-2.0492748999868486
420,0,0.0,0.0,0,-2.05662489998681
421,0,0.0,0.0,0,-2.0639748999867717
422,0,0.0,0.0,0,-2.0713248999867333
423,0,0.0,0.0,0,-2.078674899986695
424,0,0.0,0.0,0,-2.0860248999866564
425,0,0.0,0.0,0,-2.093374899986618
426,0,0.0,0.0,0,-2.1007248999865795
427,0,0.0,0.0,0,-2.108074899986541
428,0,0.0,0.0,0,-2.1154248999865026
429,1,1.0,1.0,0,-2.122774899986464
430,0,0.0,0.0,0,-2.1301248999864257
431,0,0.0,0.0,0,-2.1374748999863873
432,0,0.0,0.0,0,-2.144824899986349
433,0,0.0,0.0,0,-2.1521748999863104
434,0,0.0,0.0,0,-2.159524899986272
435,0,0.0,0.0,0,-2.1668748999862335
436,0,0.0,0.0,0,-2.174224899986195
437,0,0.0,0.0,0,-2.1815748999861566
438,1,1.0,1.0,0,-2.188924899986118
439,0,0.0,0.0,0,-2.1962748999860797
440,0,0.0,0.0,0,-2.2036248999860413
441,0,0.0,0.0,0,-2.210974899986003
442,0,0.0,0.0,0,-2.2183248999859644
443,0,0.0,0.0,0,-2.225674899985926
444,0,0.0,0.0,0,-2.2330248999858875
445,0,0.0,0.0,0,-2.240374899985849
446,0,0.0,0.0,0,-2.2477248999858106
447,0,0.0,0.0,0,-2.255074899985772
448,0,0.0,0.0,0,-2.2624248999857337
449,0,0.0,0.0,0,-2.2697748999856953
450,0,0.0,0.0,0,-2.277124899985657
451,0,0.0,0.0,0,-2.2844748999856184
452,0,0.0,0.0,0,-2.29182489998558
453,0,0.0,0.0,0,-2.2991748999855415
454,0,0.0,0.0,0,-2.306524899985503
455,0,0.0,0.0,0,-2.3138748999854646
456,0,0.0,0.0,0,-2.321224899985426
457,0,0.0,0.0,0,-2.3285748999853877
458,0,0.0,0.0,0,-2.3359248999853492
459,0,0.0,0.0,0,-2.343274899985311
460,0,0.0,0.0,0,-2.3506248999852724
461,0,0.0,0.0,0,-2.357974899985234
462,0,0.0,0.0,0,-2.3653248999851955
463,0,0.0,0.0,0,-2.372674899985157
464,0,0.0,0.0,0,-2.3800248999851186
465,0,0.0,0.0,0,-2.38737489998508
466,0,0.0,0.0,0,-2.3947248999850417
467,0,0.0,0.0,0,-2.4020748999850032
468,0,0.0,0.0,0,-2.409424899984965
469,0,0.0,0.0,0,-2.4167748999849263
470,0,0.0,0.0,0,-2.424124899984888
471,0,0.0,0.0,0,-2.4314748999848494
472,0,0.0,0.0,0,-2.438824899984811
473,0,0.0,0.0,0,-2.4461748999847726
474,0,0.0,0.0,0,-2.453524899984734
475,0,0.0,0.0,0,-2.4608748999846957
476,0,0.0,0.0,0,-2.468224899984657
477,0,0.0,0.0,0,-2.4755748999846188
478,0,0.0,0.0,0,-2.4829248999845803
479,0,0.0,0.0,0,-2.490274899984542
480,0,0.0,0.0,0,-2.4976248999845034
481,0,0.0,0.0,0,-2.504974899984465
482,0,0.0,0.0,0,-2.5123248999844265
483,0,0.0,0.0,0,-2.519674899984388
484,0,0.0,0.0,0,-2.5270248999843496
485,0,0.0,0.0,0,-2.534374899984311
486,0,0.0,0.0,0,-2.5417248999842728
487,0,0.0,0.0,0,-2.5490748999842343
488,0,0.0,0.0,0,-2.556424899984196
489,0,0.0,0.0,0,-2.5637748999841574
490,0,0.0,0.0,0,-2.571124899984119
491,0,0.0,0.0,0,-2.5784748999840805
492,0,0.0,0.0,0,-2.585824899984042
493,0,0.0,0.0,0,-2.5931748999840036
494,0,0.0,0.0,0,-2.600524899983965
495,0,0.0,0.0,0,-2.6078748999839267
496,0,0.0,0.0,0,-2.6152248999838883
497,0,0.0,0.0,0,-2.62257489998385
498,0,0.0,0.0,0,-2.6299248999838114
499,0,0.0,0.0,0,-2.637274899983773
500,0,0.0,0.0,0,-2.6446248999837345
501,0,0.0,0.0,0,-2.651974899983696
502,0,0.0,0.0,0,-2.6593248999836576
503,0,0.0,0.0,0,-2.666674899983619
504,0,0.0,0.0,0,-2.6740248999835807
505,0,0.0,0.0,0,-2.6813748999835423
506,0,0.0,0.0,0,-2.688724899983504
507,0,0.0,0.0,0,-2.6960748999834654
508,0,0.0,0.0,0,-2.703424899983427
509,0,0.0,0.0,0,-2.7107748999833885
510,0,0.0,0.0,0,-2.71812489998335
511,0,0.0,0.0,0,-2.7254748999833116
512,0,0.0,0.0,0,-2.732824899983273
513,0,0.0,0.0,0,-2.7401748999832347
514,0,0.0,0.0,0,-2.7475248999831963
515,0,0.0,0.0,0,-2.754874899983158
516,0,0.0,0.0,0,-2.7622248999831194
517,0,0.0,0.0,0,-2.769574899983081
518,0,0.0,0.0,0,-2.7769248999830425
519,0,0.0,0.0,0,-2.784274899983004
520,0,0.0,0.0,0,-2.7916248999829656
521,0,0.0,0.0,0,-2.798974899982927
522,0,0.0,0.0,0,-2.8063248999828887
523,0,0.0,0.0,0,-2.8136748999828503
524,0,0.0,0.0,0,-2.821024899982812
525,0,0.0,0.0,0,-2.8283748999827734
526,0,0.0,0.0,0,-2.835724899982735
527,0,0.0,0.0,0,-2.8430748999826965
528,0,0.0,0.0,0,-2.850424899982658
529,0,0.0,0.0,0,-2.8577748999826196
530,0,0.0,0.0,0,-2.865124899982581
531,0,0.0,0.0,0,-2.8724748999825427
532,0,0.0,0.0,0,-2.8798248999825042
533,0,0.0,0.0,0,-2.887174899982466
534,0,0.0,0.0,0,-2.8945248999824273
535,0,0.0,0.0,0,-2.901874899982389
536,0,0.0,0.0,0,-2.9092248999823505
537,0,0.0,0.0,0,-2.916574899982312
538,0,0.0,0.0,0,-2.9239248999822736
539,0,0.0,0.0,0,-2.931274899982235
540,0,0.0,0.0,0,-2.9386248999821967
541,0,0.0,0.0,0,-2.9459748999821582
542,0,0.0,0.0,0,-2.9533248999821198
543,0,0.0,0.0,0,-2.9606748999820813
544,0,0.0,0.0,0,-2.968024899982043
545,0,0.0,0.0,0,-2.9753748999820044
546,0,0.0,0.0,0,-2.982724899981966
547,0,0.0,0.0,0,-2.9900748999819275
548,0,0.0,0.0,0,-2.997424899981889
549,0,0.0,0.0,0,-3.0047748999818507
550,0,0.0,0.0,0,-3.012124899981812
551,0,0.0,0.0,0,-3.0194748999817738
552,0,0.0,0.0,0,-3.0268248999817353
553,0,0.0,0.0,0,-3.034174899981697
554,0,0.0,0.0,0,-3.0415248999816584
555,0,0.0,0.0,0,-3.04887489998162
556,0,0.0,0.0,0,-3.0562248999815815
557,0,0.0,0.0,0,-3.063574899981543
558,0,0.0,0.0,0,-3.0709248999815046
559,0,0.0,0.0,0,-3.078274899981466
560,0,0.0,0.0,0,-3.0856248999814277
561,0,0.0,0.0,0,-3.0929748999813893
562,0,0.0,0.0,0,-3.100324899981351
563,0,0.0,0.0,0,-3.1076748999813124
564,0,0.0,0.0,0,-3.115024899981274
565,0,0.0,0.0,0,-3.1223748999812355
566,0,0.0,0.0,0,-3.129724899981197
567,0,0.0,0.0,0,-3.1370748999811586
568,0,0.0,0.0,0,-3.14442489998112
569,0,0.0,0.0,0,-3.1517748999810817
570,0,0.0,0.0,0,-3.1591248999810433
571,0,0.0,0.0,0,-3.166474899981005
572,0,0.0,0.0,0,-3.1738248999809664
573,0,0.0,0.0,0,-3.181174899980928
574,0,0.0,0.0,0,-3.1885248999808895
575,0,0.0,0.0,0,-3.195874899980851
576,0,0.0,0.0,0,-3.2032248999808126
577,1,1.0,1.0,0,-3.210574899980774
578,0,0.0,0.0,0,-3.2179248999807357
579,0,0.0,0.0,0,-3.2252748999806973
580,0,0.0,0.0,0,-3.232624899980659
581,0,0.0,0.0,0,-3.2399748999806204
582,0,0.0,0.0,0,-3.247324899980582
583,0,0.0,0.0,0,-3.2546748999805435
584,0,0.0,0.0,0,-3.262024899980505
585,0,0.0,0.0,0,-3.2693748999804666
586,0,0.0,0.0,0,-3.276724899980428
587,0,0.0,0.0,0,-3.2840748999803897
588,0,0.0,0.0,0,-3.2914248999803513
589,0,0.0,0.0,0,-3.298774899980313
590,0,0.0,0.0,0,-3.3061248999802744
591,0,0.0,0.0,0,-3.313474899980236
592,0,0.0,0.0,0,-3.3208248999801975
593,0,0.0,0.0,0,-3.328174899980159
594,0,0.0,0.0,0,-3.3355248999801206
595,0,0.0,0.0,0,-3.342874899980082
596,0,0.0,0.0,0,-3.3502248999800437
597,0,0.0,0.0,0,-3.3575748999800052
598,1,1.0,1.0,0,-3.364924899979967
599,0,0.0,0.0,0,-3.3722748999799284
600,0,0.0,0.0,0,-3.37962489997989
601,0,0.0,0.0,0,-3.3869748999798515
602,0,0.0,0.0,0,-3.394324899979813
603,0,0.0,0.0,0,-3.4016748999797746
604,0,0.0,0.0,0,-3.409024899979736
605,0,0.0,0.0,0,-3.4163748999796977
606,0,0.0,0.0,0,-3.4237248999796592
607,0,0.0,0.0,0,-3.431074899979621
608,0,0.0,0.0,0,-3.4384248999795823
609,0,0.0,0.0,0,-3.445774899979544
610,0,0.0,0.0,0,-3.4531248999795054
611,0,0.0,0.0,0,-3.460474899979467
612,0,0.0,0.0,0,-3.4678248999794286
613,0,0.0,0.0,0,-3.47517489997939
614,0,0.0,0.0,0,-3.4825248999793517
615,0,0.0,0.0,0,-3.489874899979313
616,0,0.0,0.0,0,-3.4972248999792748
617,0,0.0,0.0,0,-3.5045748999792363
618,0,0.0,0.0,0,-3.511924899979198
619,0,0.0,0.0,0,-3.5192748999791594
620,0,0.0,0.0,0,-3.526624899979121
621,0,0.0,0.0,0,-3.5339748999790825
622,0,0.0,0.0,0,-3.541324899979044
623,0,0.0,0.0,0,-3.5486748999790056
624,0,0.0,0.0,0,-3.556024899978967
625,0,0.0,0.0,0,-3.5633748999789288
626,0,0.0,0.0,0,-3.5707248999788903
627,0,0.0,0.0,0,-3.578074899978852
628,0,0.0,0.0,0,-3.5854248999788134
629,0,0.0,0.0,0,-3.592774899978775
630,0,0.0,0.0,0,-3.6001248999787365
631,0,0.0,0.0,0,-3.607474899978698
632,0,0.0,0.0,0,-3.6148248999786596
633,0,0.0,0.0,0,-3.622174899978621
634,0,0.0,0.0,0,-3.6295248999785827
635,0,0.0,0.0,0,-3.6368748999785443
636,0,0.0,0.0,0,-3.644224899978506
637,0,0.0,0.0,0,-3.6515748999784674
638,0,0.0,0.0,0,-3.658924899978429
639,0,0.0,0.0,0,-3.6662748999783905
640,0,0.0,0.0,0,-3.673624899978352
641,0,0.0,0.0,0,-3.6809748999783136
642,0,0.0,0.0,0,-3.688324899978275
643,0,0.0,0.0,0,-3.6956748999782367
644,0,0.0,0.0,0,-3.7030248999781983
645,0,0.0,0.0,0,-3.71037489997816
646,0,0.0,0.0,0,-3.7177248999781214
647,0,0.0,0.0,0,-3.725074899978083
648,0,0.0,0.0,0,-3.7324248999780445
649,0,0.0,0.0,0,-3.739774899978006
650,0,0.0,0.0,0,-3.7471248999779676
651,0,0.0,0.0,0,-3.754474899977929
652,0,0.0,0.0,0,-3.7618248999778907
653,0,0.0,0.0,0,-3.7691748999778523
654,0,0.0,0.0,0,-3.776524899977814
655,0,0.0,0.0,0,-3.7838748999777754
656,0,0.0,0.0,0,-3.791224899977737
657,0,0.0,0.0,0,-3.7985748999776985
658,0,0.0,0.0,0,-3.80592489997766
659,0,0.0,0.0,0,-3.8132748999776216
660,0,0.0,0.0,0,-3.820624899977583
661,0,0.0,0.0,0,-3.8279748999775447
662,0,0.0,0.0,0,-3.8353248999775063
663,0,0.0,0.0,0,-3.842674899977468
664,0,0.0,0.0,0,-3.8500248999774294
665,0,0.0,0.0,0,-3.857374899977391
666,0,0.0,0.0,0,-3.8647248999773525
667,0,0.0,0.0,0,-3.872074899977314
668,0,0.0,0.0,0,-3.8794248999772756
669,0,0.0,0.0,0,-3.886774899977237
670,0,0.0,0.0,0,-3.8941248999771987
671,0,0.0,0.0,0,-3.9014748999771602
672,0,0.0,0.0,0,-3.908824899977122
673,0,0.0,0.0,0,-3.9161748999770833
674,0,0.0,0.0,0,-3.923524899977045
675,0,0.0,0.0,0,-3.9308748999770065
676,0,0.0,0.0,0,-3.938224899976968
677,0,0.0,0.0,0,-3.9455748999769296
678,0,0.0,0.0,0,-3.952924899976891
679,0,0.0,0.0,0,-3.9602748999768527
680,0,0.0,0.0,0,-3.9676248999768142
681,0,0.0,0.0,0,-3.9749748999767758
682,0,0.0,0.0,0,-3.9823248999767373
683,0,0.0,0.0,0,-3.989674899976699
684,0,0.0,0.0,0,-3.9970248999766604
685,0,0.0,0.0,0,-4.004374899977019
686,0,0.0,0.0,0,-4.011724899977646
687,0,0.0,0.0,0,-4.019074899978274
688,0,0.0,0.0,0,-4.026424899978902
689,0,0.0,0.0,0,-4.033774899979529
690,0,0.0,0.0,0,-4.041124899980157
691,0,0.0,0.0,0,-4.048474899980785
692,0,0.0,0.0,0,-4.055824899981412
693,0,0.0,0.0,0,-4.06317489998204
694,0,0.0,0.0,0,-4.070524899982668
695,0,0.0,0.0,0,-4.077874899983295
696,1,1.0,1.0,0,-4.085224899983923
697,0,0.0,0.0,0,-4.092574899984551
698,0,0.0,0.0,0,-4.0999248999851785
699,1,1.0,1.0,0,-4.107274899985806
700,0,0.0,0.0,0,-4.114624899986434
701,0,0.0,0.0,0,-4.121974899987062
702,0,0.0,0.0,0,-4.129324899987689
703,0,0.0,0.0,0,-4.136674899988317
704,0,0.0,0.0,0,-4.144024899988945
705,0,0.0,0.0,0,-4.151374899989572
706,0,0.0,0.0,0,-4.1587248999902
707,0,0.0,0.0,0,-4.166074899990828
708,0,0.0,0.0,0,-4.173424899991455
709,0,0.0,0.0,0,-4.180774899992083
710,0,0.0,0.0,0,-4.188124899992711
711,0,0.0,0.0,0,-4.1954748999933384
712,0,0.0,0.0,0,-4.202824899993966
713,0,0.0,0.0,0,-4.210174899994594
714,0,0.0,0.0,0,-4.2175248999952215
715,0,0.0,0.0,0,-4.224874899995849
716,0,0.0,0.0,0,-4.232224899996477
717,0,0.0,0.0,0,-4.239574899997105
718,0,0.0,0.0,0,-4.246924899997732
719,0,0.0,0.0,0,-4.25427489999836
720,0,0.0,0.0,0,-4.261624899998988
721,0,0.0,0.0,0,-4.268974899999615
722,0,0.0,0.0,0,-4.276324900000243
723,0,0.0,0.0,0,-4.283674900000871
724,0,0.0,0.0,0,-4.291024900001498
725,0,0.0,0.0,0,-4.298374900002126
726,0,0.0,0.0,0,-4.305724900002754
727,0,0.0,0.0,0,-4.3130749000033815
728,0,0.0,0.0,0,-4.320424900004009
729,0,0.0,0.0,0,-4.327774900004637
730,1,1.0,1.0,0,-4.3351249000052645
731,0,0.0,0.0,0,-4.342474900005892
732,0,0.0,0.0,0,-4.34982490000652
733,0,0.0,0.0,0,-4.357174900007148
734,0,0.0,0.0,0,-4.364524900007775
735,0,0.0,0.0,0,-4.371874900008403
736,0,0.0,0.0,0,-4.379224900009031
737,0,0.0,0.0,0,-4.386574900009658
738,0,0.0,0.0,0,-4.393924900010286
739,0,0.0,0.0,0,-4.401274900010914
740,0,0.0,0.0,0,-4.408624900011541
741,0,0.0,0.0,0,-4.415974900012169
742,0,0.0,0.0,0,-4.423324900012797
743,0,0.0,0.0,0,-4.4306749000134245
744,0,0.0,0.0,0,-4.438024900014052
745,0,0.0,0.0,0,-4.44537490001468
746,0,0.0,0.0,0,-4.4527249000153075
747,0,0.0,0.0,0,-4.460074900015935
748,0,0.0,0.0,0,-4.467424900016563
749,0,0.0,0.0,0,-4.474774900017191
750,0,0.0,0.0,0,-4.482124900017818
751,0,0.0,0.0,0,-4.489474900018446
752,0,0.0,0.0,0,-4.496824900019074
753,0,0.0,0.0,0,-4.504174900019701
754,0,0.0,0.0,0,-4.511524900020329
755,0,0.0,0.0,0,-4.518874900020957
756,0,0.0,0.0,0,-4.526224900021584
757,0,0.0,0.0,0,-4.533574900022212
758,0,0.0,0.0,0,-4.54092490002284
759,0,0.0,0.0,0,-4.5482749000234675
760,0,0.0,0.0,0,-4.555624900024095
761,0,0.0,0.0,0,-4.562974900024723
762,0,0.0,0.0,0,-4.5703249000253505
763,0,0.0,0.0,0,-4.577674900025978
764,0,0.0,0.0,0,-4.585024900026606
765,0,0.0,0.0,0,-4.592374900027234
766,0,0.0,0.0,0,-4.599724900027861
767,0,0.0,0.0,0,-4.607074900028489
768,0,0.0,0.0,0,-4.614424900029117
769,0,0.0,0.0,0,-4.621774900029744
770,0,0.0,0.0,0,-4.629124900030372
771,0,0.0,0.0,0,-4.636474900031
772,0,0.0,0.0,0,-4.643824900031627
773,0,0.0,0.0,0,-4.651174900032255
774,0,0.0,0.0,0,-4.658524900032883
775,0,0.0,0.0,0,-4.6658749000335105
776,0,0.0,0.0,0,-4.673224900034138
777,0,0.0,0.0,0,-4.680574900034766
778,1,1.0,1.0,0,-4.6879249000353935
779,0,0.0,0.0,0,-4.695274900036021
780,0,0.0,0.0,0,-4.702624900036649
781,0,0.0,0.0,0,-4.709974900037277
782,0,0.0,0.0,0,-4.717324900037904
783,0,0.0,0.0,0,-4.724674900038532
784,0,0.0,0.0,0,-4.73202490003916
785,0,0.0,0.0,0,-4.739374900039787
786,0,0.0,0.0,0,-4.746724900040415
787,1,1.0,1.0,0,-4.754074900041043
788,0,0.0,0.0,0,-4.76142490004167
789,0,0.0,0.0,0,-4.768774900042298
790,0,0.0,0.0,0,-4.776124900042926
791,0,0.0,0.0,0,-4.7834749000435535
792,0,0.0,0.0,0,-4.790824900044181
793,0,0.0,0.0,0,-4.798174900044809
794,0,0.0,0.0,0,-4.8055249000454365
795,0,0.0,0.0,0,-4.812874900046064
796,0,0.0,0.0,0,-4.820224900046692
797,0,0.0,0.0,0,-4.82757490004732
798,0,0.0,0.0,0,-4.834924900047947
799,0,0.0,0.0,0,-4.842274900048575
800,0,0.0,0.0,0,-4.849624900049203
801,0,0.0,0.0,0,-4.85697490004983
802,0,0.0,0.0,0,-4.864324900050458
803,0,0.0,0.0,0,-4.871674900051086
804,0,0.0,0.0,0,-4.879024900051713
805,0,0.0,0.0,0,-4.886374900052341
806,0,0.0,0.0,0,-4.893724900052969
807,0,0.0,0.0,0,-4.9010749000535965
808,0,0.0,0.0,0,-4.908424900054224
809,0,0.0,0.0,0,-4.915774900054852
810,0,0.0,0.0,0,-4.9231249000554795
811,0,0.0,0.0,0,-4.930474900056107
812,0,0.0,0.0,0,-4.937824900056735
813,0,0.0,0.0,0,-4.945174900057363
814,1,1.0,1.0,0,-4.95252490005799
815,1,1.0,1.0,0,-4.959874900058618
816,0,0.0,0.0,0,-4.967224900059246
817,0,0.0,0.0,0,-4.974574900059873
818,0,0.0,0.0,0,-4.981924900060501
819,1,1.0,1.0,0,-4.989274900061129
820,0,0.0,0.0,0,-4.996624900061756
821,0,0.0,0.0,0,-5.003974900062384
822,0,0.0,0.0,0,-5.011324900063012
823,0,0.0,0.0,0,-5.0186749000636395
824,0,0.0,0.0,0,-5.026024900064267
825,0,0.0,0.0,0,-5.033374900064895
826,0,0.0,0.0,0,-5.0407249000655225
827,0,0.0,0.0,0,-5.04807490006615
828,0,0.0,0.0,0,-5.055424900066778
829,0,0.0,0.0,0,-5.062774900067406
830,0,0.0,0.0,0,-5.070124900068033
831,0,0.0,0.0,0,-5.077474900068661
832,0,0.0,0.0,0,-5.084824900069289
833,0,0.0,0.0,0,-5.092174900069916
834,0,0.0,0.0,0,-5.099524900070544
835,0,0.0,0.0,0,-5.106874900071172
836,0,0.0,0.0,0,-5.114224900071799
837,0,0.0,0.0,0,-5.121574900072427
838,0,0.0,0.0,0,-5.128924900073055
839,0,0.0,0.0,0,-5.1362749000736825
840,0,0.0,0.0,0,-5.14362490007431
841,0,0.0,0.0,0,-5.150974900074938
842,0,0.0,0.0,0,-5.1583249000755655
843,0,0.0,0.0,0,-5.165674900076193
844,0,0.0,0.0,0,-5.173024900076821
845,0,0.0,0.0,0,-5.180374900077449
846,0,0.0,0.0,0,-5.187724900078076
847,0,0.0,0.0,0,-5.195074900078704
848,0,0.0,0.0,0,-5.202424900079332
849,0,0.0,0.0,0,-5.209774900079959
850,0,0.0,0.0,0,-5.217124900080587
851,0,0.0,0.0,0,-5.224474900081215
852,0,0.0,0.0,0,-5.231824900081842
853,0,0.0,0.0,0,-5.23917490008247
854,0,0.0,0.0,0,-5.246524900083098
855,0,0.0,0.0,0,-5.2538749000837255
856,0,0.0,0.0,0,-5.261224900084353
857,0,0.0,0.0,0,-5.268574900084981
858,0,0.0,0.0,0,-5.2759249000856085
859,0,0.0,0.0,0,-5.283274900086236
860,0,0.0,0.0,0,-5.290624900086864
861,0,0.0,0.0,0,-5.297974900087492
862,0,0.0,0.0,0,-5.305324900088119
863,0,0.0,0.0,0,-5.312674900088747
864,0,0.0,0.0,0,-5.320024900089375
865,0,0.0,0.0,0,-5.327374900090002
866,0,0.0,0.0,0,-5.33472490009063
867,0,0.0,0.0,0,-5.342074900091258
868,0,0.0,0.0,0,-5.349424900091885
869,0,0.0,0.0,0,-5.356774900092513
870,0,0.0,0.0,0,-5.364124900093141
871,0,0.0,0.0,0,-5.3714749000937685
872,0,0.0,0.0,0,-5.378824900094396
873,0,0.0,0.0,0,-5.386174900095024
874,0,0.0,0.0,0,-5.3935249000956516
875,0,0.0,0.0,0,-5.400874900096279
876,0,0.0,0.0,0,-5.408224900096907
877,0,0.0,0.0,0,-5.415574900097535
878,0,0.0,0.0,0,-5.422924900098162
879,0,0.0,0.0,0,-5.43027490009879
880,0,0.0,0.0,0,-5.437624900099418
881,0,0.0,0.0,0,-5.444974900100045
882,0,0.0,0.0,0,-5.452324900100673
883,0,0.0,0.0,0,-5.459674900101301
884,0,0.0,0.0,0,-5.467024900101928
885,0,0.0,0.0,0,-5.474374900102556
886,0,0.0,0.0,0,-5.481724900103184
887,0,0.0,0.0,0,-5.4890749001038115
888,0,0.0,0.0,0,-5.496424900104439
889,0,0.0,0.0,0,-5.503774900105067
890,0,0.0,0.0,0,-5.511124900105695
891,0,0.0,0.0,0,-5.518474900106322
892,0,0.0,0.0,0,-5.52582490010695
893,0,0.0,0.0,0,-5.533174900107578
894,0,0.0,0.0,0,-5.540524900108205
895,0,0.0,0.0,0,-5.547874900108833
896,0,0.0,0.0,0,-5.555224900109461
897,0,0.0,0.0,0,-5.562574900110088
898,0,0.0,0.0,0,-5.569924900110716
899,0,0.0,0.0,0,-5.577274900111344
900,0,0.0,0.0,0,-5.584624900111971
901,0,0.0,0.0,0,-5.591974900112599
902,0,0.0,0.0,0,-5.599324900113227
903,0,0.0,0.0,0,-5.6066749001138545
904,0,0.0,0.0,0,-5.614024900114482
905,0,0.0,0.0,0,-5.62137490011511
906,0,0.0,0.0,0,-5.628724900115738
907,0,0.0,0.0,0,-5.636074900116365
908,0,0.0,0.0,0,-5.643424900116993
909,0,0.0,0.0,0,-5.650774900117621
910,0,0.0,0.0,0,-5.658124900118248
911,0,0.0,0.0,0,-5.665474900118876
912,0,0.0,0.0,0,-5.672824900119504
913,0,0.0,0.0,0,-5.680174900120131
914,0,0.0,0.0,0,-5.687524900120759
915,0,0.0,0.0,0,-5.694874900121387
916,0,0.0,0.0,0,-5.702224900122014
917,0,0.0,0.0,0,-5.709574900122642
918,0,0.0,0.0,0,-5.71692490012327
919,0,0.0,0.0,0,-5.7242749001238975
920,0,0.0,0.0,0,-5.731624900124525
921,0,0.0,0.0,0,-5.738974900125153
922,0,0.0,0.0,0,-5.746324900125781
923,0,0.0,0.0,0,-5.753674900126408
924,0,0.0,0.0,0,-5.761024900127036
925,1,1.0,1.0,0,-5.768374900127664
926,0,0.0,0.0,0,-5.775724900128291
927,0,0.0,0.0,0,-5.783074900128919
928,0,0.0,0.0,0,-5.790424900129547
929,0,0.0,0.0,0,-5.797774900130174
930,0,0.0,0.0,0,-5.805124900130802
931,0,0.0,0.0,0,-5.81247490013143
932,0,0.0,0.0,0,-5.819824900132057
933,0,0.0,0.0,0,-5.827174900132685
934,0,0.0,0.0,0,-5.834524900133313
935,0,0.0,0.0,0,-5.8418749001339405
936,0,0.0,0.0,0,-5.849224900134568
937,0,0.0,0.0,0,-5.856574900135196
938,0,0.0,0.0,0,-5.863924900135824
939,0,0.0,0.0,0,-5.871274900136451
940,0,0.0,0.0,0,-5.878624900137079
941,0,0.0,0.0,0,-5.885974900137707
942,0,0.0,0.0,0,-5.893324900138334
943,0,0.0,0.0,0,-5.900674900138962
944,0,0.0,0.0,0,-5.90802490013959
945,1,1.0,1.0,0,-5.915374900140217
946,0,0.0,0.0,0,-5.922724900140845
947,0,0.0,0.0,0,-5.930074900141473
948,1,1.0,1.0,0,-5.9374249001421004
949,0,0.0,0.0,0,-5.944774900142728
950,1,1.0,1.0,0,-5.952124900143356
951,0,0.0,0.0,0,-5.9594749001439835
952,1,1.0,1.0,0,-5.966824900144611
953,0,0.0,0.0,0,-5.974174900145239
954,0,0.0,0.0,0,-5.981524900145867
955,0,0.0,0.0,0,-5.988874900146494
956,0,0.0,0.0,0,-5.996224900147122
957,0,0.0,0.0,0,-6.00357490014775
958,0,0.0,0.0,0,-6.010924900148377
959,0,0.0,0.0,0,-6.018274900149005
960,0,0.0,0.0,0,-6.025624900149633
961,0,0.0,0.0,0,-6.03297490015026
962,1,1.0,1.0,0,-6.040324900150888
963,0,0.0,0.0,0,-6.047674900151516
964,0,0.0,0.0,0,-6.0550249001521435
965,0,0.0,0.0,0,-6.062374900152771
966,0,0.0,0.0,0,-6.069724900153399
967,0,0.0,0.0,0,-6.0770749001540265
968,0,0.0,0.0,0,-6.084424900154654
969,0,0.0,0.0,0,-6.091774900155282
970,0,0.0,0.0,0,-6.09912490015591
971,0,0.0,0.0,0,-6.106474900156537
972,0,0.0,0.0,0,-6.113824900157165
973,0,0.0,0.0,0,-6.121174900157793
974,0,0.0,0.0,0,-6.12852490015842
975,0,0.0,0.0,0,-6.135874900159048
976,0,0.0,0.0,0,-6.143224900159676
977,0,0.0,0.0,0,-6.150574900160303
978,0,0.0,0.0,0,-6.157924900160931
979,0,0.0,0.0,0,-6.165274900161559
980,0,0.0,0.0,0,-6.1726249001621865
981,0,0.0,0.0,0,-6.179974900162814
982,0,0.0,0.0,0,-6.187324900163442
983,0,0.0,0.0,0,-6.1946749001640695
984,0,0.0,0.0,0,-6.202024900164697
985,0,0.0,0.0,0,-6.209374900165325
986,0,0.0,0.0,0,-6.216724900165953
987,0,0.0,0.0,0,-6.22407490016658
988,0,0.0,0.0,0,-6.231424900167208
989,0,0.0,0.0,0,-6.238774900167836
990,0,0.0,0.0,0,-6.246124900168463
991,0,0.0,0.0,0,-6.253474900169091
992,0,0.0,0.0,0,-6.260824900169719
993,0,0.0,0.0,0,-6.268174900170346
994,0,0.0,0.0,0,-6.275524900170974
995,0,0.0,0.0,0,-6.282874900171602
996,0,0.0,0.0,0,-6.2902249001722295
997,0,0.0,0.0,0,-6.297574900172857
998,0,0.0,0.0,0,-6.304924900173485
999,0,0.0,0.0,0,-6.3122749001741125
1000,0,0.0,0.0,0,-6.31962490017474
1001,0,0.0,0.0,0,-6.326974900175368
1002,0,0.0,0.0,0,-6.334324900175996
1003,0,0.0,0.0,0,-6.341674900176623
1004,0,0.0,0.0,0,-6.349024900177251
1005,0,0.0,0.0,0,-6.356374900177879
1006,0,0.0,0.0,0,-6.363724900178506
1007,0,0.0,0.0,0,-6.371074900179134
1008,0,0.0,0.0,0,-6.378424900179762
1009,0,0.0,0.0,0,-6.385774900180389
1010,0,0.0,0.0,0,-6.393124900181017
1011,0,0.0,0.0,0,-6.400474900181645
1012,0,0.0,0.0,0,-6.4078249001822725
1013,0,0.0,0.0,0,-6.4151749001829
1014,0,0.0,0.0,0,-6.422524900183528
1015,0,0.0,0.0,0,-6.4298749001841555
1016,0,0.0,0.0,0,-6.437224900184783
1017,0,0.0,0.0,0,-6.444574900185411
1018,0,0.0,0.0,0,-6.451924900186039
1019,0,0.0,0.0,0,-6.459274900186666
1020,0,0.0,0.0,0,-6.466624900187294
1021,0,0.0,0.0,0,-6.473974900187922
1022,0,0.0,0.0,0,-6.481324900188549
1023,0,0.0,0.0,0,-6.488674900189177
1024,0,0.0,0.0,0,-6.496024900189805
1025,0,0.0,0.0,0,-6.503374900190432
1026,0,0.0,0.0,0,-6.51072490019106
1027,0,0.0,0.0,0,-6.518074900191688
1028,1,1.0,1.0,0,-6.5254249001923155
1029,0,0.0,0.0,0,-6.532774900192943
1030,0,0.0,0.0,0,-6.540124900193571
1031,0,0.0,0.0,0,-6.5474749001941985
1032,0,0.0,0.0,0,-6.554824900194826
1033,0,0.0,0.0,0,-6.562174900195454
1034,0,0.0,0.0,0,-6.569524900196082
1035,0,0.0,0.0,0,-6.576874900196709
1036,0,0.0,0.0,0,-6.584224900197337
1037,0,0.0,0.0,0,-6.591574900197965
1038,0,0.0,0.0,0,-6.598924900198592
1039,0,0.0,0.0,0,-6.60627490019922
1040,0,0.0,0.0,0,-6.613624900199848
1041,0,0.0,0.0,0,-6.620974900200475
1042,0,0.0,0.0,0,-6.628324900201103
1043,0,0.0,0.0,0,-6.635674900201731
1044,0,0.0,0.0,0,-6.6430249002023585
1045,0,0.0,0.0,0,-6.650374900202986
1046,0,0.0,0.0,0,-6.657724900203614
1047,0,0.0,0.0,0,-6.6650749002042415
1048,0,0.0,0.0,0,-6.672424900204869
1049,0,0.0,0.0,0,-6.679774900205497
1050,0,0.0,0.0,0,-6.687124900206125
1051,0,0.0,0.0,0,-6.694474900206752
1052,0,0.0,0.0,0,-6.70182490020738
1053,0,0.0,0.0,0,-6.709174900208008
1054,0,0.0,0.0,0,-6.716524900208635
1055,1,1.0,1.0,0,-6.723874900209263
1056,1,1.0,1.0,0,-6.731224900209891
1057,0,0.0,0.0,0,-6.738574900210518
1058,0,0.0,0.0,0,-6.745924900211146
1059,0,0.0,0.0,0,-6.753274900211774
1060,1,1.0,1.0,0,-6.7606249002124015
1061,0,0.0,0.0,0,-6.767974900213029
1062,0,0.0,0.0,0,-6.775324900213657
1063,0,0.0,0.0,0,-6.7826749002142845
1064,0,0.0,0.0,0,-6.790024900214912
1065,0,0.0,0.0,0,-6.79737490021554
1066,0,0.0,0.0,0,-6.804724900216168
1067,0,0.0,0.0,0,-6.812074900216795
1068,0,0.0,0.0,0,-6.819424900217423
1069,0,0.0,0.0,0,-6.826774900218051
1070,0,0.0,0.0,0,-6.834124900218678
1071,0,0.0,0.0,0,-6.841474900219306
1072,1,1.0,1.0,0,-6.848824900219934
1073,0,0.0,0.0,0,-6.856174900220561
1074,0,0.0,0.0,0,-6.863524900221189
1075,0,0.0,0.0,0,-6.870874900221817
1076,0,0.0,0.0,0,-6.8782249002224445
1077,0,0.0,0.0,0,-6.885574900223072
1078,0,0.0,0.0,0,-6.8929249002237
1079,0,0.0,0.0,0,-6.9002749002243275
1080,0,0.0,0.0,0,-6.907624900224955
1081,0,0.0,0.0,0,-6.914974900225583
1082,0,0.0,0.0,0,-6.922324900226211
1083,0,0.0,0.0,0,-6.929674900226838
1084,0,0.0,0.0,0,-6.937024900227466
1085,0,0.0,0.0,0,-6.944374900228094
1086,0,0.0,0.0,0,-6.951724900228721
1087,0,0.0,0.0,0,-6.959074900229349
1088,0,0.0,0.0,0,-6.966424900229977
1089,0,0.0,0.0,0,-6.973774900230604
1090,0,0.0,0.0,0,-6.981124900231232
1091,0,0.0,0.0,0,-6.98847490023186
1092,0,0.0,0.0,0,-6.9958249002324875
1093,0,0.0,0.0,0,-7.003174900233115
1094,0,0.0,0.0,0,-7.010524900233743
1095,0,0.0,0.0,0,-7.0178749002343705
1096,0,0.0,0.0,0,-7.025224900234998
1097,0,0.0,0.0,0,-7.032574900235626
1098,0,0.0,0.0,0,-7.039924900236254
1099,0,0.0,0.0,0,-7.047274900236881
1100,0,0.0,0.0,0,-7.054624900237509
1101,0,0.0,0.0,0,-7.061974900238137
1102,0,0.0,0.0,0,-7.069324900238764
1103,0,0.0,0.0,0,-7.076674900239392
1104,0,0.0,0.0,0,-7.08402490024002
1105,0,0.0,0.0,0,-7.091374900240647
1106,0,0.0,0.0,0,-7.098724900241275
1107,0,0.0,0.0,0,-7.106074900241903
1108,0,0.0,0.0,0,-7.1134249002425305
1109,0,0.0,0.0,0,-7.120774900243158
1110,0,0.0,0.0,0,-7.128124900243786
1111,0,0.0,0.0,0,-7.1354749002444136
1112,0,0.0,0.0,0,-7.142824900245041
1113,0,0.0,0.0,0,-7.150174900245669
1114,1,1.0,1.0,0,-7.157524900246297
1115,0,0.0,0.0,0,-7.164874900246924
1116,0,0.0,0.0,0,-7.172224900247552
1117,0,0.0,0.0,0,-7.17957490024818
1118,0,0.0,0.0,0,-7.186924900248807
1119,0,0.0,0.0,0,-7.194274900249435
1120,0,0.0,0.0,0,-7.201624900250063
1121,0,0.0,0.0,0,-7.20897490025069
1122,0,0.0,0.0,0,-7.216324900251318
1123,0,0.0,0.0,0,-7.223674900251946
1124,1,1.0,1.0,0,-7.2310249002525735
1125,0,0.0,0.0,0,-7.238374900253201
1126,0,0.0,0.0,0,-7.245724900253829
1127,0,0.0,0.0,0,-7.253074900254457
1128,0,0.0,0.0,0,-7.260424900255084
1129,0,0.0,0.0,0,-7.267774900255712
1130,0,0.0,0.0,0,-7.27512490025634
1131,0,0.0,0.0,0,-7.282474900256967
1132,0,0.0,0.0,0,-7.289824900257595
1133,0,0.0,0.0,0,-7.297174900258223
1134,0,0.0,0.0,0,-7.30452490025885
1135,0,0.0,0.0,0,-7.311874900259478
1136,0,0.0,0.0,0,-7.319224900260106
1137,0,0.0,0.0,0,-7.326574900260733
1138,0,0.0,0.0,0,-7.333924900261361
1139,0,0.0,0.0,0,-7.341274900261989
1140,0,0.0,0.0,0,-7.3486249002626165
1141,0,0.0,0.0,0,-7.355974900263244
1142,0,0.0,0.0,0,-7.363324900263872
1143,0,0.0,0.0,0,-7.3706749002645
1144,0,0.0,0.0,0,-7.378024900265127
1145,0,0.0,0.0,0,-7.385374900265755
1146,0,0.0,0.0,0,-7.392724900266383
1147,0,0.0,0.0,0,-7.40007490026701
1148,0,0.0,0.0,0,-7.407424900267638
1149,0,0.0,0.0,0,-7.414774900268266
1150,0,0.0,0.0,0,-7.422124900268893
1151,0,0.0,0.0,0,-7.429474900269521
1152,0,0.0,0.0,0,-7.436824900270149
1153,1,0.25,0.25,0,-7.444174900270776
1154,0,0.0,0.0,0,-7.451524900271404
1155,0,0.0,0.0,0,-7.458874900272032
1156,0,0.0,0.0,0,-7.4662249002726595
1157,0,0.0,0.0,0,-7.473574900273287
1158,0,0.0,0.0,0,-7.480924900273915
1159,0,0.0,0.0,0,-7.488274900274543
1160,1,1.0,1.0,0,-7.49562490027517
1161,0,0.0,0.0,0,-7.502974900275798
1162,0,0.0,0.0,0,-7.510324900276426
1163,0,0.0,0.0,0,-7.517674900277053
1164,0,0.0,0.0,0,-7.525024900277681
1165,0,0.0,0.0,0,-7.532374900278309
1166,0,0.0,0.0,0,-7.539724900278936
1167,0,0.0,0.0,0,-7.547074900279564
1168,0,0.0,0.0,0,-7.554424900280192
1169,0,0.0,0.0,0,-7.5617749002808194
1170,0,0.0,0.0,0,-7.569124900281447
1171,0,0.0,0.0,0,-7.576474900282075
1172,0,0.0,0.0,0,-7.5838249002827025
1173,1,1.0,1.0,0,-7.59117490028333
1174,0,0.0,0.0,0,-7.598524900283958
1175,0,0.0,0.0,0,-7.605874900284586
1176,0,0.0,0.0,0,-7.613224900285213
1177,0,0.0,0.0,0,-7.620574900285841
1178,0,0.0,0.0,0,-7.627924900286469
1179,0,0.0,0.0,0,-7.635274900287096
1180,0,0.0,0.0,0,-7.642624900287724
1181,0,0.0,0.0,0,-7.649974900288352
1182,0,0.0,0.0,0,-7.657324900288979
1183,0,0.0,0.0,0,-7.664674900289607
1184,0,0.0,0.0,0,-7.672024900290235
1185,0,0.0,0.0,0,-7.6793749002908624
1186,0,0.0,0.0,0,-7.68672490029149
1187,0,0.0,0.0,0,-7.694074900292118
1188,0,0.0,0.0,0,-7.7014249002927455
1189,0,0.0,0.0,0,-7.708774900293373
1190,0,0.0,0.0,0,-7.716124900294001
1191,1,1.0,1.0,0,-7.723474900294629
1192,0,0.0,0.0,0,-7.730824900295256
1193,0,0.0,0.0,0,-7.738174900295884
1194,0,0.0,0.0,0,-7.745524900296512
1195,1,1.0,1.0,0,-7.752874900297139
1196,0,0.0,0.0,0,-7.760224900297767
1197,0,0.0,0.0,0,-7.767574900298395
1198,0,0.0,0.0,0,-7.774924900299022
1199,0,0.0,0.0,0,-7.78227490029965
1200,0,0.0,0.0,0,-7.789624900300278
1201,0,0.0,0.0,0,-7.7969749003009055
1202,0,0.0,0.0,0,-7.804324900301533
1203,0,0.0,0.0,0,-7.811674900302161
1204,0,0.0,0.0,0,-7.8190249003027885
1205,0,0.0,0.0,0,-7.826374900303416
1206,0,0.0,0.0,0,-7.833724900304044
1207,0,0.0,0.0,0,-7.841074900304672
1208,0,0.0,0.0,0,-7.848424900305299
1209,0,0.0,0.0,0,-7.855774900305927
1210,0,0.0,0.0,0,-7.863124900306555
1211,0,0.0,0.0,0,-7.870474900307182
1212,0,0.0,0.0,0,-7.87782490030781
1213,0,0.0,0.0,0,-7.885174900308438
1214,0,0.0,0.0,0,-7.892524900309065
1215,0,0.0,0.0,0,-7.899874900309693
1216,0,0.0,0.0,0,-7.907224900310321
1217,0,0.0,0.0,0,-7.9145749003109485
1218,0,0.0,0.0,0,-7.921924900311576
1219,0,0.0,0.0,0,-7.929274900312204
1220,0,0.0,0.0,0,-7.9366249003128315
1221,0,0.0,0.0,0,-7.943974900313459
1222,0,0.0,0.0,0,-7.951324900314087
1223,0,0.0,0.0,0,-7.958674900314715
1224,1,1.0,1.0,0,-7.966024900315342
1225,0,0.0,0.0,0,-7.97337490031597
1226,0,0.0,0.0,0,-7.980724900316598
1227,0,0.0,0.0,0,-7.988074900317225
1228,0,0.0,0.0,0,-7.995424900317853
1229,0,0.0,0.0,0,-8.00277490031848
1230,0,0.0,0.0,0,-8.010124900319108
1231,0,0.0,0.0,0,-8.017474900319735
1232,0,0.0,0.0,0,-8.024824900320363
1233,0,0.0,0.0,0,-8.03217490032099
1234,0,0.0,0.0,0,-8.039524900321618
1235,1,1.0,1.0,0,-8.046874900322246
1236,1,1.0,1.0,0,-8.054224900322874
1237,0,0.0,0.0,0,-8.061574900323501
1238,0,0.0,0.0,0,-8.068924900324129
1239,0,0.0,0.0,0,-8.076274900324757
1240,1,1.0,1.0,0,-8.083624900325384
1241,0,0.0,0.0,0,-8.090974900326012
1242,0,0.0,0.0,0,-8.09832490032664
1243,0,0.0,0.0,0,-8.105674900327267
1244,0,0.0,0.0,0,-8.113024900327895
1245,0,0.0,0.0,0,-8.120374900328523
1246,0,0.0,0.0,0,-8.12772490032915
1247,0,0.0,0.0,0,-8.135074900329778
1248,1,1.0,1.0,0,-8.142424900330406
1249,0,0.0,0.0,0,-8.149774900331034
1250,0,0.0,0.0,0,-8.157124900331661
1251,0,0.0,0.0,0,-8.164474900332289
1252,0,0.0,0.0,0,-8.171824900332917
1253,0,0.0,0.0,0,-8.179174900333544
1254,0,0.0,0.0,0,-8.186524900334172
1255,0,0.0,0.0,0,-8.1938749003348
1256,0,0.0,0.0,0,-8.201224900335427
1257,0,0.0,0.0,0,-8.208574900336055
1258,0,0.0,0.0,0,-8.215924900336683
1259,0,0.0,0.0,0,-8.22327490033731
1260,0,0.0,0.0,0,-8.230624900337938
1261,0,0.0,0.0,0,-8.237974900338566
1262,0,0.0,0.0,0,-8.245324900339194
1263,0,0.0,0.0,0,-8.252674900339821
1264,0,0.0,0.0,0,-8.260024900340449
1265,2,0.25,0.25,0,-8.263920400340782
1266,0,0.0,0.0,0,-8.27127040034141
1267,0,0.0,0.0,0,-8.278620400342037
1268,0,0.0,0.0,0,-8.285970400342665
1269,0,0.0,0.0,0,-8.293320400343292
1270,0,0.0,0.0,0,-8.30067040034392
1271,0,0.0,0.0,0,-8.308020400344548
1272,0,0.0,0.0,0,-8.315370400345175
1273,0,0.0,0.0,0,-8.322720400345803
1274,0,0.0,0.0,0,-8.33007040034643
1275,0,0.0,0.0,0,-8.337420400347058
1276,0,0.0,0.0,0,-8.344770400347686
1277,0,0.0,0.0,0,-8.352120400348314
1278,0,0.0,0.0,0,-8.359470400348942
1279,0,0.0,0.0,0,-8.36682040034957
1280,0,0.0,0.0,0,-8.374170400350197
1281,0,0.0,0.0,0,-8.381520400350825
1282,0,0.0,0.0,0,-8.388870400351452
1283,0,0.0,0.0,0,-8.39622040035208
1284,0,0.0,0.0,0,-8.403570400352708
1285,0,0.0,0.0,0,-8.410920400353335
1286,0,0.0,0.0,0,-8.418270400353963
1287,0,0.0,0.0,0,-8.42562040035459
1288,0,0.0,0.0,0,-8.432970400355218
1289,0,0.0,0.0,0,-8.440320400355846
1290,0,0.0,0.0,0,-8.447670400356474
1291,0,0.0,0.0,0,-8.455020400357101
1292,1,1.0,1.0,0,-8.46237040035773
1293,1,1.0,1.0,0,-8.469720400358357
1294,0,0.0,0.0,0,-8.477070400358985
1295,0,0.0,0.0,0,-8.484420400359612
1296,0,0.0,0.0,0,-8.49177040036024
1297,1,1.0,1.0,0,-8.499120400360868
1298,0,0.0,0.0,0,-8.506470400361495
1299,0,0.0,0.0,0,-8.513820400362123
1300,1,1.0,1.0,0,-8.52117040036275
1301,0,0.0,0.0,0,-8.528520400363378
1302,0,0.0,0.0,0,-8.535870400364006
1303,0,0.0,0.0,0,-8.543220400364634
1304,0,0.0,0.0,0,-8.550570400365261
1305,0,0.0,0.0,0,-8.557920400365889
1306,0,0.0,0.0,0,-8.565270400366517
1307,0,0.0,0.0,0,-8.572620400367144
1308,0,0.0,0.0,0,-8.579970400367772
1309,0,0.0,0.0,0,-8.5873204003684
1310,0,0.0,0.0,0,-8.594670400369028
1311,1,1.0,1.0,0,-8.602020400369655
1312,0,0.0,0.0,0,-8.609370400370283
1313,0,0.0,0.0,0,-8.61672040037091
1314,0,0.0,0.0,0,-8.624070400371538
1315,0,0.0,0.0,0,-8.631420400372166
1316,0,0.0,0.0,0,-8.638770400372794
1317,0,0.0,0.0,0,-8.646120400373421
1318,0,0.0,0.0,0,-8.653470400374049
1319,0,0.0,0.0,0,-8.660820400374677
1320,0,0.0,0.0,0,-8.668170400375304
1321,0,0.0,0.0,0,-8.675520400375932
1322,0,0.0,0.0,0,-8.68287040037656
1323,0,0.0,0.0,0,-8.690220400377187
1324,0,0.0,0.0,0,-8.697570400377815
1325,0,0.0,0.0,0,-8.704920400378443
1326,0,0.0,0.0,0,-8.71227040037907
1327,0,0.0,0.0,0,-8.719620400379698
1328,0,0.0,0.0,0,-8.726970400380326
1329,0,0.0,0.0,0,-8.734320400380954
1330,0,0.0,0.0,0,-8.741670400381581
1331,0,0.0,0.0,0,-8.749020400382209
1332,0,0.0,0.0,0,-8.756370400382837
1333,0,0.0,0.0,0,-8.763720400383464
1334,0,0.0,0.0,0,-8.771070400384092
1335,0,0.0,0.0,0,-8.77842040038472
1336,0,0.0,0.0,0,-8.785770400385347
1337,0,0.0,0.0,0,-8.793120400385975
1338,0,0.0,0.0,0,-8.800470400386603
1339,0,0.0,0.0,0,-8.80782040038723
1340,0,0.0,0.0,0,-8.815170400387858
1341,0,0.0,0.0,0,-8.822520400388486
1342,0,0.0,0.0,0,-8.829870400389114
1343,0,0.0,0.0,0,-8.837220400389741
1344,0,0.0,0.0,0,-8.844570400390369
1345,0,0.0,0.0,0,-8.851920400390997
1346,0,0.0,0.0,0,-8.859270400391624
1347,0,0.0,0.0,0,-8.866620400392252
1348,0,0.0,0.0,0,-8.87397040039288
1349,0,0.0,0.0,0,-8.881320400393507
1350,0,0.0,0.0,0,-8.888670400394135
1351,0,0.0,0.0,0,-8.896020400394763
1352,0,0.0,0.0,0,-8.90337040039539
1353,0,0.0,0.0,0,-8.910720400396018
1354,0,0.0,0.0,0,-8.918070400396646
1355,0,0.0,0.0,0,-8.925420400397273
1356,0,0.0,0.0,0,-8.932770400397901
1357,0,0.0,0.0,0,-8.940120400398529
1358,0,0.0,0.0,0,-8.947470400399157
1359,1,1.0,1.0,0,-8.954820400399784
1360,0,0.0,0.0,0,-8.962170400400412
1361,0,0.0,0.0,0,-8.96952040040104
1362,0,0.0,0.0,0,-8.976870400401667
1363,0,0.0,0.0,0,-8.984220400402295
1364,0,0.0,0.0,0,-8.991570400402923
1365,0,0.0,0.0,0,-8.99892040040355
1366,0,0.0,0.0,0,-9.006270400404178
1367,0,0.0,0.0,0,-9.013620400404806
1368,0,0.0,0.0,0,-9.020970400405433
1369,1,1.0,1.0,0,-9.028320400406061
1370,0,0.0,0.0,0,-9.035670400406689
1371,0,0.0,0.0,0,-9.043020400407316
1372,0,0.0,0.0,0,-9.050370400407944
1373,1,1.0,1.0,0,-9.057720400408572
1374,0,0.0,0.0,0,-9.0650704004092
1375,0,0.0,0.0,0,-9.072420400409827
1376,0,0.0,0.0,0,-9.079770400410455
1377,0,0.0,0.0,0,-9.087120400411083
1378,0,0.0,0.0,0,-9.09447040041171
1379,1,1.0,1.0,0,-9.101820400412338
1380,0,0.0,0.0,0,-9.109170400412966
1381,0,0.0,0.0,0,-9.116520400413593
1382,0,0.0,0.0,0,-9.123870400414221
1383,1,1.0,1.0,0,-9.131220400414849
1384,0,0.0,0.0,0,-9.138570400415476
1385,0,0.0,0.0,0,-9.145920400416104
1386,0,0.0,0.0,0,-9.153270400416732
1387,0,0.0,0.0,0,-9.16062040041736
1388,0,0.0,0.0,0,-9.167970400417987
1389,0,0.0,0.0,0,-9.175320400418615
1390,0,0.0,0.0,0,-9.182670400419243
1391,0,0.0,0.0,0,-9.19002040041987
